,P [MW],,,P [MW],,Q [MVAR],,,Diff P,Diff Q
1_1,81.43019978,-21.39617544,,81423495.75,81.42349575,-21396606.31,-21.39660631,,0.00670403,0.000430877
2_1,40,30.83627793,,40000000,40,30826510,30.82651,,0,0.009767927
3_1,40,12.71258917,,40000000,40,12704340,12.70434,,0,0.008249166
6_1,30,20.62769716,,30000000,30,20638330,20.63833,,0,0.010632845
8_1,35,7.159265114,,35000000,35,7150945,7.150945,,0,0.008320114