,P [MW],Q [MVAR]
1_1,81.43019977923028,-21.39617543711008
2_1,40.0,30.83627792710049
3_1,40.0,12.71258916579975
6_1,30.0,20.62769715528507
8_1,35.0,7.1592651135572645
