,P [MW],Q [MVAR]
1_1,81.43019977922975,-21.39617543711008
2_1,40.0,30.836277927100404
3_1,40.0,12.71258916579975
6_1,30.0,20.62769715528472
8_1,35.0,7.159265113557009
