,Bus_Type,|V| [pu],d [deg]
BUS1,3,1.04,0.0
BUS2,2,1.03,9.182192213350136
BUS3,2,1.025,4.647660076129898
BUS4,1,1.0265926816967532,-2.2141859932666867
BUS5,1,0.9975267412270307,-3.9848670085932083
BUS6,1,1.0135547315664568,-3.685883567541036
BUS7,1,1.0293472367961327,3.668256543825144
BUS8,1,1.018438909884429,0.7034088375809825
BUS9,1,1.0332914830922177,1.9520772708601084
