,P [MW],Q [MVAR],Bus_Type
0,71.61308510230099,25.591568240805092,3
1,162.99999874721098,8.925073702366584,2
2,84.99999907298748,-12.503163104885557,2
3,-7.130957190371066e-06,1.4675416607892785e-06,1
4,-125.0000062865231,-49.99998211314908,1
5,-90.00000255560774,-29.99999331778684,1
6,2.6776568875907006e-05,1.3788789530817609e-05,1
7,-100.00001153309583,-34.99999491025478,1
8,9.857594472799302e-06,1.4884508999632758e-06,1
