,P [MW],Q [MVAR]
1_1,71.61308510230099,25.591568240805092
2_1,163.0,8.925073702366584
3_1,85.0,-12.503163104885557
